	id	zoneid	layerid	tectonic subregion	mmin	a	areal lambda 4.5	areal lambda 5.5	aspect ratio	b	concerns	dip	mechanism	mmax	msr	name	polygon coordinates	rake	region	smoothed N 4.5	smoothed N 5.5	smoothed a 4.5	smoothed a 5.5	smoothed lambda 4.5	smoothed lambda 5.5	stdb	stdmmax	strike	tectonic zone	zmax	zmin
0	z1	1	1.0	subduction interface	4.5	5.2	2.9854	0.2661	2	1.05		73	dextral	7.5	StrasserInterface	zone 1	"[[ 67.81  37.55]
 [ 68.3   38.82]
 [ 72.95  39.99]
 [ 73.    39.06]
 [ 70.69  38.27]]"	30.0	Pamirs	135	135	5.2	4.68	3.0183	0.0797	0.07	0.4	202	Subduction interface	25.0	0.0
1	z1m	1m	1.0	subduction interface megathrust	7.5	5.2	2.9854	0.2661	2	1.05		73	dextral	8.0	StrasserInterface	zone 1m	"[[ 67.81  37.55]
 [ 68.3   38.82]
 [ 72.95  39.99]
 [ 73.    39.06]
 [ 70.69  38.27]]"	30.0	Pamirs	135	135	5.2	4.68	3.0183	0.0797	0.07	0.4	202	Subduction interface	25.0	0.0
2	z2	2	1.0	subduction interface	4.5	4.64	2.851	0.335	2	0.93		31	reverse	7.5	StrasserInterface	zone 2	"[[ 72.95  39.99]
 [ 76.53  39.99]
 [ 76.1   38.89]
 [ 75.85  37.89]
 [ 75.85  37.89]
 [ 74.94  38.35]
 [ 73.    39.06]]"	142.0	Pamirs	122	122	4.57	4.2	2.4047	0.1219	0.09	0.4	306	Subduction interface	25.0	0.0
3	z2m	2m	1.0	subduction interface megathrust	7.5	4.64	2.851	0.335	2	0.93		31	reverse	8.0	StrasserInterface	zone 2m	"[[ 72.95  39.99]
 [ 76.53  39.99]
 [ 76.1   38.89]
 [ 75.85  37.89]
 [ 75.85  37.89]
 [ 74.94  38.35]
 [ 73.    39.06]]"	142.0	Pamirs	122	122	4.57	4.2	2.4047	0.1219	0.09	0.4	306	Subduction interface	25.0	0.0
4	z3	3	1.0	active shallow crust strike-slip reverse	4.5	3.75	1.9275	0.3273	2	0.77		89	reverse	8.0	WC1994	zone 3	"[[ 76.1   38.89]
 [ 76.53  39.99]
 [ 79.11  40.04]
 [ 78.84  38.84]]"	33.0	Qaidam	78	78	3.58	3.24	1.3098	0.1012	0.05	0.4	59	Active shallow crust	25.0	0.0
5	z4	4	1.0	subduction interface	4.5	4.34	0.8511	0.0891	2	0.98		56	dextral	7.4	StrasserInterface	zone 4	"[[ 75.85  37.89]
 [ 75.85  37.89]
 [ 76.1   38.89]
 [ 78.84  38.84]
 [ 80.97  38.03]
 [ 84.15  38.03]
 [ 85.07  36.26]
 [ 81.13  36.14]
 [ 77.33  37.14]]"	177.0	Kunlun Shan	394	293	4.37	3.65	0.9098	0.0183	0.08	0.4	309	Subduction interface	25.0	0.0
6	z5	5	1.0	subduction interface	4.5	4.29	1.5668	0.1928	2	0.91		55	reverse	7.8	StrasserInterface	zone 5	"[[ 67.29  35.43]
 [ 67.81  37.55]
 [ 70.69  38.27]
 [ 69.14  35.78]]"	148.0		124	124	4.32	4.01	1.6744	0.1001	0.08	0.4	274	Subduction interface	25.0	0.0
7	z6	6	1.0	active shallow crust normal	4.5	4.75	1.6032	0.1567	2	1.01		42	normal	8.2	WC1994	zone 6	"[[ 70.7   38.27]
 [ 73.    39.06]
 [ 74.94  38.35]
 [ 75.29  36.96]
 [ 72.93  36.59]]"	-53.0	Pamirs	171	171	4.75	4.42	1.6043	0.073	0.09	0.4	189	Active shallow crust	25.0	0.0
8	z7	7	1.0	active shallow crust normal	4.5	4.89	1.0715	0.0891	2	1.08		52	normal	7.6	WC1994	zone 7	"[[ 74.94  38.35]
 [ 75.85  37.89]
 [ 77.33  37.14]
 [ 81.13  36.14]
 [ 85.07  36.26]
 [ 85.57  35.29]
 [ 80.22  35.27]
 [ 75.29  36.96]]"	-74.0	Kunlun	250	245	4.93	4.51	1.1805	0.037	0.12	0.4	203	Active shallow crust	25.0	0.0
9	z8	8	1.0	active shallow crust strike-slip reverse	4.5	3.64	0.8913	0.1349	2	0.82		34	reverse	8.3	WC1994	zone 8	"[[ 65.49  32.63]
 [ 67.29  35.43]
 [ 69.14  35.78]
 [ 70.62  35.64]
 [ 72.93  36.59]
 [ 70.76  33.98]
 [ 69.42  32.81]
 [ 66.99  30.69]
 [ 66.98  30.69]]"	113.0	Hindu Kush	435	435	3.75	3.59	1.1395	0.1204	0.08	0.3	271	Active shallow crust	25.0	0.0
10	z9	9	1.0	active shallow crust strike-slip reverse	4.5	4.01	1.2445	0.1679	2	0.87		16	dextral	8.0	WC1994	zone 9	"[[ 69.14  35.78]
 [ 70.69  38.27]
 [ 72.93  36.59]
 [ 70.63  35.64]]"	171.0	Hindu Kush	126	126	4.05	3.76	1.3793	0.0938	0.07	0.4	36	Active shallow crust	25.0	0.0
11	z12	12	1.0	active shallow crust strike-slip reverse	4.5	3.45	1.6218	0.309	2	0.72		57	reverse	8.6	WC1994	zone 12	"[[ 70.76  33.98]
 [ 72.93  36.59]
 [ 75.34  35.63]
 [ 74.64  34.65]
 [ 73.96  32.07]]"	66.0	Himalayas	267	267	3.27	2.66	1.071	0.0502	0.07	0.4	114	Active shallow crust	25.0	0.0
12	z13	13	1.0	subduction interface	4.5	3.24	0.7328	0.1303	2	0.75		78	reverse	7.5	StrasserInterface	zone 13	"[[ 73.96  32.07]
 [ 74.64  34.65]
 [ 77.54  33.52]
 [ 77.13  32.17]
 [ 76.6   30.42]
 [ 75.37  31.19]]"	94.0	Himalayas - Main Frontal Thrust	225	225	3.32	2.77	0.8877	0.0445	0.07	0.4	138	Subduction interface	25.0	0.0
13	z13m	13m	1.0	subduction interface megathrust	7.5	3.24	0.7328	0.1303	2	0.75		78	reverse	8.8	StrasserInterface	zone 13m	"[[ 73.96  32.07]
 [ 74.64  34.65]
 [ 77.54  33.52]
 [ 77.13  32.17]
 [ 76.6   30.42]
 [ 75.37  31.19]]"	94.0	Himalayas - Main Frontal Thrust	225	225	3.32	2.77	0.8877	0.0445	0.07	0.4	138	Subduction interface	25.0	0.0
14	z14	14	1.0	subduction interface	4.5	3.12	0.7586	0.1445	2	0.72		69	sinistral	7.5	StrasserInterface	zone 14	"[[ 60.    27.11]
 [ 64.52  27.59]
 [ 66.66  25.14]
 [ 60.06  22.83]]"	-30.0	Makran	480	487	3.08	2.64	0.6903	0.0478	0.09	0.4	228	Subduction interface	25.0	0.0
15	z14m	14m	1.0	subduction interface megathrust	7.5	3.12	0.7586	0.1445	2	0.72		69	sinistral	8.6	StrasserInterface	zone 14m	"[[ 60.    27.11]
 [ 64.52  27.59]
 [ 66.66  25.14]
 [ 60.06  22.83]]"	-30.0	Makran	480	487	3.08	2.64	0.6903	0.0478	0.09	0.4	228	Subduction interface	25.0	0.0
16	z15	15	1.0	subduction interface	4.5	4.88	2.9512	0.309	2	0.98		71	sinistral	7.5	StrasserInterface	zone 15	"[[ 64.52  27.59]
 [ 65.49  32.63]
 [ 66.98  30.69]
 [ 68.76  28.38]
 [ 67.88  25.57]
 [ 66.66  25.14]]"	24.0	Kirthar	445	445	4.63	4.61	1.6677	0.1652	0.1	0.4	204	Subduction interface	25.0	0.0
17	z15m	15m	1.0	subduction interface megathrust	7.5	4.88	2.9512	0.309	2	0.98		71	sinistral	8.3	StrasserInterface	zone 15m	"[[ 64.52  27.59]
 [ 65.49  32.63]
 [ 66.98  30.69]
 [ 68.76  28.38]
 [ 67.88  25.57]
 [ 66.66  25.14]]"	24.0	Kirthar	445	445	4.63	4.61	1.6677	0.1652	0.1	0.4	204	Subduction interface	25.0	0.0
18	z16	16	1.0	subduction interface	4.5	4.36	2.5119	0.3311	2	0.88		18	reverse	7.5	StrasserInterface	zone 16	"[[ 66.98  30.69]
 [ 66.99  30.69]
 [ 69.42  32.81]
 [ 71.81  29.99]
 [ 69.16  27.86]
 [ 68.76  28.38]]"	126.0	Sulaiman	303	303	4.33	3.94	2.3268	0.1273	0.08	0.4	298	Subduction interface	25.0	0.0
19	z16m	16m	1.0	subduction interface megathrust	7.5	4.36	2.5119	0.3311	2	0.88		18	reverse	8.3	StrasserInterface	zone 16m	"[[ 66.98  30.69]
 [ 66.99  30.69]
 [ 69.42  32.81]
 [ 71.81  29.99]
 [ 69.16  27.86]
 [ 68.76  28.38]]"	126.0	Sulaiman	303	303	4.33	3.94	2.3268	0.1273	0.08	0.4	298	Subduction interface	25.0	0.0
20	z17	17	1.0	subduction interface	4.5	3.25	0.3631	0.055	2	0.82	could be stable	13	reverse	7.0	StrasserInterface	zone 17	"[[ 69.42  32.81]
 [ 70.76  33.98]
 [ 73.96  32.07]
 [ 75.37  31.19]
 [ 73.95  29.85]
 [ 71.81  29.99]]"	59.0	Pamirs	314	258	3.3	2.58	0.4063	0.0119	0.11	0.4	219	Subduction interface	25.0	0.0
21	z21	21	1.0	subduction interface	4.5	3.87	1.1092	0.1567	2	0.85		14	reverse	7.5	StrasserInterface	zone 21	"[[ 76.6   30.42]
 [ 77.13  32.17]
 [ 79.13  31.19]
 [ 81.23  30.27]
 [ 82.95  29.43]
 [ 82.21  27.47]
 [ 82.16  27.48]
 [ 79.8   28.73]
 [ 76.96  30.23]]"	90.0	Himalayas - Main Frontal Thrust	310	310	4.14	3.71	2.042	0.1091	0.09	0.2	291	Subduction interface	25.0	0.0
22	z21m	21m	1.0	subduction interface megathrust	7.5	3.87	1.1092	0.1567	2	0.85		14	reverse	8.6	StrasserInterface	zone 21m	"[[ 76.6   30.42]
 [ 77.13  32.17]
 [ 79.13  31.19]
 [ 81.23  30.27]
 [ 82.95  29.43]
 [ 82.21  27.47]
 [ 82.16  27.48]
 [ 79.8   28.73]
 [ 76.96  30.23]]"	90.0	Himalayas - Main Frontal Thrust	310	310	4.14	3.71	2.042	0.1091	0.09	0.2	291	Subduction interface	25.0	0.0
23	z22	22	1.0	subduction interface	4.5	3.34	1.135	0.2113	2	0.73		31	reverse	7.5	StrasserInterface	zone 22	"[[ 82.21  27.47]
 [ 82.95  29.43]
 [ 82.97  29.42]
 [ 85.93  28.34]
 [ 87.55  27.75]
 [ 87.06  26.23]
 [ 87.06  26.22]
 [ 87.06  26.22]]"	108.0	Himalayas - Main Frontal Thrust	226	226	3.23	2.74	0.8727	0.053	0.1	0.2	308	Subduction interface	25.0	0.0
24	z22m	22m	1.0	subduction interface megathrust	7.5	3.34	1.135	0.2113	2	0.73		31	reverse	8.8	StrasserInterface	zone 22m	"[[ 82.21  27.47]
 [ 82.95  29.43]
 [ 82.97  29.42]
 [ 85.93  28.34]
 [ 87.55  27.75]
 [ 87.06  26.23]
 [ 87.06  26.22]
 [ 87.06  26.22]]"	108.0	Himalayas - Main Frontal Thrust	226	226	3.23	2.74	0.8727	0.053	0.1	0.2	308	Subduction interface	25.0	0.0
25	z57	57	1.0	active shallow crust normal	4.5	6.79	5.188	0.2317	2	1.35		48	normal	7.2	WC1994	zone 57	"[[ 93.08   9.99]
 [ 94.45  13.23]
 [ 97.3   13.41]
 [ 95.73   9.99]]"	-77.0	Andaman-Sumatra	232	232	6.41	6.26	2.1405	0.0679	0.1	0.4	244	Active shallow crust	25.0	0.0
26	z58	58	1.0	active shallow crust strike-slip reverse	4.5	4.95	4.7315	0.5309	2	0.95		75	dextral	8.4	WC1994	zone 58	"[[  93.09    9.99]
 [  95.73    9.99]
 [  96.54    6.81]
 [ 100.77    3.6 ]
 [  98.01    2.86]
 [  94.09    5.95]]"	180.0	Andaman-Sumatra	521	512	4.66	4.65	2.4505	0.2654	0.06	0.4	151	Active shallow crust	25.0	0.0
27	z63	63	1.0	stable shallow crust	4.5	4.01	0.5433	0.061	2	0.95		39	reverse	8.2	WC1994	zone 63	"[[ 67.88  22.49]
 [ 67.88  25.57]
 [ 71.76  25.5 ]
 [ 71.83  22.52]]"	136.0	Peninsular India	289	273	4.0	3.64	0.5364	0.026	0.05	0.4	298	Stable continental	25.0	0.0
28	z66	66	1.0	stable shallow crust	4.5	3.45	0.3802	0.0525	2	0.86		83	sinistral	7.0	WC1994	zone 66	"[[ 67.85  19.71]
 [ 67.88  22.49]
 [ 71.83  22.52]
 [ 72.27  22.52]
 [ 72.35  19.78]
 [ 72.35  19.77]
 [ 71.16  19.75]]"	25.0	Peninsular India	274	80	2.9	2.2	0.1068	0.003	0.11	0.3	58	Stable continental	25.0	0.0
29	z71	71	1.0	stable shallow crust	4.5	0.0	0.0002	0.0	2	0.81	oceanic not continental, but no seismicity	45	undefined	5.8	WC1994	zone 71	"[[ 67.85  19.71]
 [ 71.16  19.75]
 [ 72.86  15.84]
 [ 74.46  12.31]
 [ 75.54   8.94]
 [ 77.25   7.25]
 [ 75.35   4.94]
 [ 77.91   3.38]
 [ 82.07   8.72]
 [ 79.75  10.23]
 [ 80.45  11.06]
 [ 81.2   13.99]
 [ 81.2   14.01]
 [ 82.87  16.84]
 [ 84.03  16.57]
 [ 86.69  18.68]
 [ 86.72  15.35]
 [ 84.59  11.31]
 [ 83.95   6.51]
 [ 84.69   2.  ]
 [ 84.68   2.  ]
 [ 73.55   1.99]
 [ 73.55   2.01]
 [ 71.28  11.43]]"	90.0	Bay of Bengal, Arabian Sea	776	111	2.59	1.92	0.0877	0.0029	0.05	0.3	0	Stable continental	25.0	0.0
30	z74	74	1.0	stable shallow crust	4.5	2.57	0.0501	0.0069	2	0.86		47	reverse	6.5	WC1994	zone 74	"[[ 73.27  19.85]
 [ 76.12  20.48]
 [ 80.67  17.38]
 [ 75.41  16.37]]"	68.0	Peninsular India	317	283	2.87	3.04	0.1008	0.0202	0.07	0.3	284	Stable continental	25.0	0.0
31	z75	75	1.0	stable shallow crust	4.5	3.91	0.0359	0.0023	2	1.19		45	undefined	6.4	WC1994	zone 75	"[[ 76.12  20.48]
 [ 78.09  20.84]
 [ 82.51  18.57]
 [ 80.67  17.38]]"	90.0	Peninsular India	81	98	3.53	4.28	0.0148	0.0055	0.12	0.3	0	Stable continental	25.0	0.0
32	z81	81	1.0	stable shallow crust	4.5	2.65	0.0603	0.0083	2	0.86		45	undefined	6.2	WC1994	zone 81	"[[ 78.36  13.68]
 [ 78.64  15.58]
 [ 80.67  17.38]
 [ 80.7   17.38]
 [ 82.87  16.84]
 [ 81.2   14.01]
 [ 78.36  13.68]]"	90.0	Peninsular India	231	47	2.55	1.76	0.0474	0.0011	0.12	0.3	0	Stable continental	25.0	0.0
33	z82	82	1.0	stable shallow crust	4.5	3.14	0.0394	0.0038	2	1.01		66	reverse	6.1	WC1994	zone 82	"[[ 77.62  11.53]
 [ 78.36  13.68]
 [ 81.2   14.01]
 [ 81.2   13.99]
 [ 80.45  11.06]]"	64.0	Peninsular India	178	0	3.18	-inf	0.0433	0.0	0.13	0.3	51	Stable continental	25.0	0.0
34	z86	86	1.0	stable shallow crust	4.5	0.0	0.0002	0.0	2	0.81	no seismicity	45	undefined	6.3	WC1994	zone 86	"[[ 75.35   4.94]
 [ 79.75  10.23]
 [ 82.07   8.72]
 [ 77.91   3.38]]"	90.0	Sri Lanka, Laccadive Sea	201	203	2.29	2.42	0.0444	0.0093	0.05	0.2	0	Stable continental	25.0	0.0
35	z87	87	2.0	subduction interface	4.5	5.97	5.6234	0.389	2	1.16	why no Japan/Cascadia distinction with Atkinson/Boore?	89	dextral	7.5	StrasserInterface	zone 87	"[[ 75.91  38.87]
 [ 73.19  38.86]
 [ 71.15  38.37]
 [ 70.91  38.31]
 [ 67.81  37.55]
 [ 68.3   38.82]
 [ 72.71  39.99]
 [ 78.86  39.99]
 [ 78.46  38.87]]"	166.0	Pamir	311	311	6.08	5.71	7.1786	0.2136	0.06	0.3	150	Subduction interface	70.0	25.0
36	z87m	87m	2.0	subduction interface megathrust	7.5	5.97	5.6234	0.389	2	1.16	why no Japan/Cascadia distinction with Atkinson/Boore?	89	dextral	8.1	StrasserInterface	zone 87m	"[[ 75.91  38.87]
 [ 73.19  38.86]
 [ 71.15  38.37]
 [ 70.91  38.31]
 [ 67.81  37.55]
 [ 68.3   38.82]
 [ 72.71  39.99]
 [ 78.86  39.99]
 [ 78.46  38.87]]"	166.0	Pamir	311	311	6.08	5.71	7.1786	0.2136	0.06	0.3	150	Subduction interface	70.0	25.0
37	z88	88	2.0	subduction interface	4.5	6.07	3.8019	0.2291	2	1.22		73	sinistral	7.5	StrasserInterface	zone 88	"[[ 70.71  37.79]
 [ 69.6   35.85]
 [ 67.08  35.37]
 [ 67.81  37.55]
 [ 70.91  38.31]
 [ 71.15  38.37]]"	4.0	Hindu Kush	151	151	6.03	5.76	3.4929	0.1112	0.09	0.4	210	Subduction interface	70.0	25.0
38	z88m	88m	2.0	subduction interface megathrust	7.5	6.07	3.8019	0.2291	2	1.22		73	sinistral	8.0	StrasserInterface	zone 88m	"[[ 70.71  37.79]
 [ 69.6   35.85]
 [ 67.08  35.37]
 [ 67.81  37.55]
 [ 70.91  38.31]
 [ 71.15  38.37]]"	4.0	Hindu Kush	151	151	6.03	5.76	3.4929	0.1112	0.09	0.4	210	Subduction interface	70.0	25.0
39	z89	89	2.0	subduction interface	4.5	5.29	1.9724	0.1531	2	1.11		68	reverse	7.3	StrasserInterface	zone 89	"[[ 72.93  36.59]
 [ 71.86  35.89]
 [ 69.6   35.85]
 [ 70.71  37.79]]"	94.0	Hindu Kush	90	90	5.28	4.99	1.937	0.0761	0.06	0.4	340	Subduction interface	70.0	25.0
40	z90	90	2.0	subduction interface	4.5	5.8	2.5119	0.1585	2	1.2		52	normal	7.5	StrasserInterface	zone 90	"[[ 75.91  38.87]
 [ 75.29  36.96]
 [ 72.93  36.59]
 [ 70.71  37.79]
 [ 71.15  38.37]
 [ 73.19  38.86]]"	-36.0	Pamir	211	211	5.97	5.58	3.6821	0.0946	0.06	0.4	210	Subduction interface	70.0	25.0
41	z90m	90m	2.0	subduction interface megathrust	7.5	5.8	2.5119	0.1585	2	1.2		52	normal	8.0	StrasserInterface	zone 90m	"[[ 75.91  38.87]
 [ 75.29  36.96]
 [ 72.93  36.59]
 [ 70.71  37.79]
 [ 71.15  38.37]
 [ 73.19  38.86]]"	-36.0	Pamir	211	211	5.97	5.58	3.6821	0.0946	0.06	0.4	210	Subduction interface	70.0	25.0
42	z91	91	2.0	subduction interface	4.5	4.72	2.7861	0.3126	2	0.95		33	sinistral	7.4	StrasserInterface	zone 91	"[[ 75.91  38.87]
 [ 78.46  38.86]
 [ 80.97  38.03]
 [ 84.15  38.03]
 [ 85.57  35.29]
 [ 80.22  35.27]
 [ 75.29  36.96]]"	16.0	Kunlun	637	620	4.59	4.17	2.0703	0.0891	0.11	0.3	63	Subduction interface	70.0	25.0
43	z92	92	2.0	subduction interface	4.5	4.8	1.1885	0.1059	2	1.05		66	sinistral	7.5	StrasserInterface	zone 92	"[[ 69.6   35.85]
 [ 71.84  35.88]
 [ 70.76  33.98]
 [ 69.68  33.04]
 [ 66.99  30.69]
 [ 66.98  30.69]
 [ 65.41  32.73]
 [ 67.08  35.37]]"	-5.0	Hindu Kush	431	424	5.04	4.81	2.0816	0.1078	0.1	0.4	194	Subduction interface	70.0	25.0
44	z92m	92m	2.0	subduction interface megathrust	7.5	4.8	1.1885	0.1059	2	1.05		66	sinistral	8.3	StrasserInterface	zone 92m	"[[ 69.6   35.85]
 [ 71.84  35.88]
 [ 70.76  33.98]
 [ 69.68  33.04]
 [ 66.99  30.69]
 [ 66.98  30.69]
 [ 65.41  32.73]
 [ 67.08  35.37]]"	-5.0	Hindu Kush	431	424	5.04	4.81	2.0816	0.1078	0.1	0.4	194	Subduction interface	70.0	25.0
45	z93	93	2.0	subduction interface	4.5	5.66	2.2387	0.1479	2	1.18		77	sinistral	7.5	StrasserInterface	zone 93	"[[ 69.68  33.04]
 [ 71.78  30.03]
 [ 69.34  27.63]
 [ 66.98  30.69]]"	-2.0	Sulaiman	325	325	5.77	5.71	2.8639	0.165	0.9	0.4	196	Subduction interface	70.0	25.0
46	z93m	93m	2.0	subduction interface megathrust	7.5	5.66	2.2387	0.1479	2	1.18		77	sinistral	8.3	StrasserInterface	zone 93m	"[[ 69.68  33.04]
 [ 71.78  30.03]
 [ 69.34  27.63]
 [ 66.98  30.69]]"	-2.0	Sulaiman	325	325	5.77	5.71	2.8639	0.165	0.9	0.4	196	Subduction interface	70.0	25.0
47	z94	94	2.0	subduction interface	4.5	4.51	1.2589	0.1318	2	0.98		89	sinistral	7.5	StrasserInterface	zone 94	"[[ 65.41  32.73]
 [ 69.34  27.63]
 [ 68.84  25.4 ]
 [ 68.09  22.65]
 [ 66.31  24.82]
 [ 63.92  27.72]]"	-6.0		687	663	4.84	4.68	2.6981	0.1954	0.09	0.4	11	Subduction interface	70.0	25.0
48	z94m	94m	2.0	subduction interface megathrust	7.5	4.51	1.2589	0.1318	2	0.98		89	sinistral	8.3	StrasserInterface	zone 94m	"[[ 65.41  32.73]
 [ 69.34  27.63]
 [ 68.84  25.4 ]
 [ 68.09  22.65]
 [ 66.31  24.82]
 [ 63.92  27.72]]"	-6.0		687	663	4.84	4.68	2.6981	0.1954	0.09	0.4	11	Subduction interface	70.0	25.0
49	z95	95	2.0	subduction interface	4.5	4.35	1.3183	0.1514	2	0.94		79	dextral	7.6	StrasserInterface	zone 95	"[[ 66.31  24.82]
 [ 60.14  23.5 ]
 [ 60.14  27.2 ]
 [ 63.92  27.72]]"	167.0	Makram	442	442	4.39	4.18	1.4367	0.1031	0.13	0.4	23	Subduction interface	70.0	25.0
50	z97	97	2.0	subduction interface	4.5	3.77	0.3846	0.0452	2	0.93		77	sinistral	7.2	StrasserInterface	zone 97	"[[ 69.68  33.04]
 [ 70.76  33.98]
 [ 76.    31.  ]
 [ 74.08  28.4 ]
 [ 71.79  30.02]
 [ 71.78  30.03]]"	-2.0	North Afghanistan, south of mountains	405	401	4.02	3.65	0.6911	0.0344	0.12	0.4	196	Subduction interface	70.0	25.0
51	z98	98	2.0	subduction interface	4.5	5.36	1.2445	0.0841	2	1.17		89	normal	7.1	StrasserInterface	zone 98	"[[ 74.82  34.6 ]
 [ 77.88  33.47]
 [ 77.25  32.08]
 [ 76.6   30.66]
 [ 76.    31.  ]
 [ 73.63  32.35]]"	-108.0	Himalayas	235	235	5.46	5.0	1.5501	0.0365	0.1	0.4	322	Subduction interface	70.0	25.0
52	z99	99	2.0	subduction interface	4.5	5.23	1.135	0.0804	2	1.15		76	sinistral	7.1	StrasserInterface	zone 99	"[[ 70.76  33.98]
 [ 71.86  35.89]
 [ 72.93  36.59]
 [ 75.36  35.62]
 [ 73.63  32.35]]"	-18.0		272	272	5.55	4.8	2.3922	0.0298	0.1	0.4	275	Subduction interface	70.0	25.0
53	z100	100	2.0	subduction interface	4.5	4.76	0.881	0.075	2	1.07		89	sinistral	7.1	StrasserInterface	zone 100	"[[ 75.29  36.96]
 [ 80.22  35.27]
 [ 78.32  34.44]
 [ 72.93  36.59]]"	-13.0	Karakoram	179	179	4.8	4.38	0.9712	0.0311	0.09	0.4	89	Subduction interface	70.0	25.0
54	z101	101	2.0	subduction interface	4.5	5.28	0.8414	0.0543	2	1.19		40	normal	6.8	StrasserInterface	zone 101	"[[ 85.57  35.29]
 [ 84.57  33.23]
 [ 78.32  34.44]
 [ 80.22  35.27]]"	-117.0	Tibetan plateau	230	230	5.32	4.91	0.9204	0.0232	0.1	0.4	349	Subduction interface	70.0	25.0
55	z102	102	2.0	subduction interface	4.5	5.17	0.6531	0.0422	2	1.19		86	sinistral	6.8	StrasserInterface	zone 102	"[[ 85.57  35.29]
 [ 87.77  35.06]
 [ 90.45  35.41]
 [ 91.64  32.93]
 [ 87.06  32.75]
 [ 87.06  32.75]
 [ 87.05  32.75]
 [ 84.57  33.23]]"	-165.0	Tibetan plateau	354	313	5.41	4.82	1.1415	0.0189	0.11	0.4	154	Subduction interface	70.0	25.0
56	z103	103	2.0	subduction interface	4.5	5.2	1.1749	0.0851	2	1.14		70	normal	7.2	StrasserInterface	zone 103	"[[ 77.88  33.47]
 [ 74.82  34.6 ]
 [ 75.36  35.62]
 [ 78.32  34.44]
 [ 84.57  33.23]
 [ 87.05  32.75]
 [ 87.06  32.75]
 [ 87.06  32.75]
 [ 91.64  32.93]
 [ 92.03  32.12]
 [ 92.5   31.15]
 [ 92.61  30.9 ]
 [ 87.55  31.02]
 [ 84.55  31.72]
 [ 80.61  32.49]
 [ 79.44  32.95]
 [ 79.41  32.96]
 [ 77.92  33.45]]"	-36.0	Ladakh, Zanskar, Tibetan	657	657	5.44	5.12	2.0319	0.0713	0.09	0.4	225	Subduction interface	70.0	25.0
57	z110	110	2.0	subduction interface	4.5	3.58	1.1749	0.195	2	0.78		23	reverse	7.5	StrasserInterface	zone 110	"[[ 77.25  32.08]
 [ 79.13  31.19]
 [ 81.23  30.27]
 [ 83.91  29.12]
 [ 83.28  27.17]
 [ 76.6   30.66]
 [ 77.25  32.08]]"	82.0	Himalayas	322	322	3.86	3.35	2.2587	0.1154	0.06	0.2	290	Subduction interface	70.0	25.0
58	z110m	110m	2.0	subduction interface megathrust	7.5	3.58	1.1749	0.195	2	0.78		23	reverse	8.8	StrasserInterface	zone 110m	"[[ 77.25  32.08]
 [ 79.13  31.19]
 [ 81.23  30.27]
 [ 83.91  29.12]
 [ 83.28  27.17]
 [ 76.6   30.66]
 [ 77.25  32.08]]"	82.0	Himalayas	322	322	3.86	3.35	2.2587	0.1154	0.06	0.2	290	Subduction interface	70.0	25.0
59	z116	116	2.0	subduction interface	4.5	6.23	2.3988	0.1202	2	1.3		59	normal	7.0	StrasserInterface	zone 116	"[[ 90.45  35.41]
 [ 97.59  31.52]
 [ 98.86  28.24]
 [ 98.27  28.57]
 [ 92.03  32.12]
 [ 91.64  32.93]]"	-92.0		439	398	6.11	5.81	1.8073	0.0461	0.12	0.2	207	Subduction interface	70.0	25.0
60	z118	118	2.0	intraplate margin lower	4.5	4.67	0.881	0.0785	2	1.05	unsure of correct scaling relation	89	normal	7.2	WC1994	zone 118	"[[ 93.47  26.91]
 [ 94.07  26.1 ]
 [ 93.18  25.12]
 [ 91.78  26.74]
 [ 91.82  26.74]]"	-141.0	Shillong plateau?	54	54	4.58	4.26	0.7164	0.0304	0.12	0.4	301	Intraplate margin	70.0	25.0
61	z119	119	2.0	intraplate margin lower	4.5	3.81	0.5188	0.0638	2	0.91	unsure of correct scaling relation	40	reverse	8.3	WC1994	zone 119	"[[ 91.78  26.74]
 [ 93.18  25.12]
 [ 91.4   25.12]
 [ 90.56  25.12]
 [ 89.72  25.13]
 [ 89.72  25.13]
 [ 89.72  26.53]]"	90.0	Shillong plateau	109	109	4.12	3.74	1.0633	0.0549	0.1	0.2	112	Intraplate margin	70.0	25.0
62	z128	128	2.0	subduction interface	4.5	4.01	1.122	0.1479	2	0.88		64	sinistral	7.5	StrasserInterface	zone 128	"[[ 93.41  23.13]
 [ 93.75  24.04]
 [ 95.35  23.55]
 [ 95.21  21.16]
 [ 93.52  20.76]]"	3.0	Indo-Myanmar	127	127	4.18	3.65	1.6513	0.0642	0.07	0.3	216	Subduction interface	70.0	25.0
63	z128m	128m	2.0	subduction interface megathrust	7.5	4.01	1.122	0.1479	2	0.88		64	sinistral	7.9	StrasserInterface	zone 128m	"[[ 93.41  23.13]
 [ 93.75  24.04]
 [ 95.35  23.55]
 [ 95.21  21.16]
 [ 93.52  20.76]]"	3.0	Indo-Myanmar	127	127	4.18	3.65	1.6513	0.0642	0.07	0.3	216	Subduction interface	70.0	25.0
64	z129	129	2.0	subduction interface	4.5	4.71	1.0715	0.0977	2	1.04		85	normal	6.9	StrasserInterface	zone 129	"[[ 93.52  20.76]
 [ 95.21  21.16]
 [ 95.71  18.33]
 [ 95.42  15.88]
 [ 93.39  15.65]
 [ 93.76  18.44]]"	-121.0	Indo-Myanmar	249	240	4.75	4.38	1.1728	0.0456	0.11	0.3	317	Subduction interface	70.0	25.0
65	z130	130	2.0	subduction interface	4.5	5.4	0.6607	0.038	2	1.24		67	reverse	6.5	StrasserInterface	zone 130	"[[ 93.39  15.65]
 [ 95.42  15.88]
 [ 94.54  13.8 ]
 [ 92.45  13.67]]"	60.0	Andaman-Sumatra	103	96	5.31	5.02	0.5414	0.016	0.12	0.3	146	Subduction interface	70.0	25.0
66	z131	131	2.0	subduction interface	4.5	4.15	2.3442	0.3388	2	0.84		43	sinistral	7.5	StrasserInterface	zone 131	"[[ 92.45  13.67]
 [ 94.54  13.8 ]
 [ 93.58  11.55]
 [ 93.19   9.56]
 [ 93.55   7.68]
 [ 91.85   7.06]
 [ 91.29  10.08]]"	-12.0	Andaman-Sumatra	298	298	4.32	4.0	3.4849	0.2388	0.07	0.3	256	Subduction interface	70.0	25.0
67	z131m	131m	2.0	subduction interface megathrust	7.5	4.15	2.3442	0.3388	2	0.84		43	sinistral	8.6	StrasserInterface	zone 131m	"[[ 92.45  13.67]
 [ 94.54  13.8 ]
 [ 93.58  11.55]
 [ 93.19   9.56]
 [ 93.55   7.68]
 [ 91.85   7.06]
 [ 91.29  10.08]]"	-12.0	Andaman-Sumatra	298	298	4.32	4.0	3.4849	0.2388	0.07	0.3	256	Subduction interface	70.0	25.0
68	z132	132	2.0	subduction interface	4.5	4.4	3.0549	0.4121	2	0.87		14	reverse	7.5	StrasserInterface	zone 132	"[[ 93.55   7.68]
 [ 97.5    2.46]
 [ 94.92   2.2 ]
 [ 91.85   7.06]]"	79.0	Andaman-Sumatra	307	307	4.74	4.31	6.7376	0.3318	0.06	0.2	298	Subduction interface	70.0	25.0
69	z132m	132m	2.0	subduction interface megathrust	7.5	4.4	3.0549	0.4121	2	0.87		14	reverse	9.4	StrasserInterface	zone 132m	"[[ 93.55   7.68]
 [ 97.5    2.46]
 [ 94.92   2.2 ]
 [ 91.85   7.06]]"	79.0	Andaman-Sumatra	307	307	4.74	4.31	6.7376	0.3318	0.06	0.2	298	Subduction interface	70.0	25.0
70	z136	136	2.0	subduction interface	4.5	4.49	1.2023	0.1259	2	0.98		88	dextral	7.6	StrasserInterface	zone 136	"[[ 97.52  15.92]
 [ 95.81  11.31]
 [ 93.58  11.55]
 [ 95.42  15.88]]"	171.0	Andaman-Sumatra	246	216	4.47	4.08	1.1447	0.0493	0.12	0.3	171	Subduction interface	70.0	25.0
71	z137	137	2.0	subduction interface	4.5	7.33	1.8408	0.0495	2	1.57		89	sinistral	6.5	StrasserInterface	zone 137	"[[ 95.81  11.31]
 [ 95.28   9.54]
 [ 93.19   9.56]
 [ 93.58  11.55]]"	-29.0	Andaman-Sumatra	105	105	7.19	7.2	1.3474	0.037	0.16	0.3	282	Subduction interface	70.0	25.0
72	z138	138	2.0	subduction interface	4.5	5.62	4.6774	0.3715	2	1.1		80	sinistral	7.5	StrasserInterface	zone 138	"[[ 95.28   9.54]
 [ 95.87   7.67]
 [ 99.71   3.32]
 [ 97.5    2.46]
 [ 93.55   7.68]
 [ 93.19   9.56]]"	18.0	Andaman-Sumatra	413	413	5.55	5.49	4.0169	0.2755	0.09	0.3	64	Subduction interface	70.0	25.0
73	z138m	138m	2.0	subduction interface megathrust	7.5	5.62	4.6774	0.3715	2	1.1		80	sinistral	8.3	StrasserInterface	zone 138m	"[[ 95.28   9.54]
 [ 95.87   7.67]
 [ 99.71   3.32]
 [ 97.5    2.46]
 [ 93.55   7.68]
 [ 93.19   9.56]]"	18.0	Andaman-Sumatra	413	413	5.55	5.49	4.0169	0.2755	0.09	0.3	64	Subduction interface	70.0	25.0
74	z153	153	3.0	subduction intraslab Himalayas	4.5	6.13	15.1356	1.2023	2	1.1		44	reverse	7.9	StrasserIntraslab	zone 153	"[[ 72.88  36.96]
 [ 70.16  34.16]
 [ 68.29  35.76]
 [ 68.3   35.77]
 [ 71.5   38.29]]"	94.0	Hindu Kush	217	217	6.2	5.73	17.5928	0.4744	0.03	0.3	247	Subduction intraslab	180.0	70.0
75	z154	154	3.0	subduction intraslab Himalayas	4.5	6.37	4.0738	0.2138	2	1.28		80	sinistral	7.3	StrasserIntraslab	zone 154	"[[ 76.41  38.88]
 [ 76.76  37.77]
 [ 73.81  37.72]
 [ 72.88  36.96]
 [ 71.5   38.29]
 [ 72.87  39.01]]"	-169.0	Pamir	155	155	6.42	6.2	4.5967	0.1446	0.09	0.3	100	Subduction intraslab	180.0	70.0
76	z162	162	3.0	subduction intraslab	4.5	4.31	0.881	0.0944	2	0.97		58	reverse	7.3	StrasserIntraslab	zone 162	"[[ 96.54  27.54]
 [ 98.1   26.91]
 [ 96.44  24.94]
 [ 93.82  26.05]
 [ 96.16  27.43]]"	147.0	Indo-Myanmar	141	141	4.41	4.18	1.1186	0.0702	0.12	0.3	176	Subduction intraslab	180.0	70.0
77	z163	163	3.0	subduction intraslab	4.5	5.6	6.0954	0.5188	2	1.07		46	reverse	8.3	StrasserIntraslab	zone 163	"[[ 93.82  26.05]
 [ 96.44  24.94]
 [ 95.04  21.64]
 [ 91.93  22.74]]"	55.0	Indo-Myanmar	282	277	5.61	5.31	6.2704	0.264	0.06	0.3	283	Subduction intraslab	180.0	70.0
78	z164	164	3.0	subduction intraslab	4.5	4.14	1.2303	0.1549	2	0.9		65	sinistral	7.3	StrasserIntraslab	zone 164	"[[ 91.93  22.74]
 [ 95.04  21.64]
 [ 96.71  16.82]
 [ 93.27  17.07]]"	22.0	Indo-Myanmar	379	283	4.1	3.72	1.1301	0.0592	0.12	0.3	194	Subduction intraslab	180.0	70.0
79	z166	166	3.0	subduction intraslab	4.5	5.02	2.9854	0.2917	2	1.01		61	reverse	8.0	StrasserIntraslab	zone 166	"[[ 92.4    8.52]
 [ 92.27  14.67]
 [ 94.92  15.22]
 [ 95.28   9.54]]"	46.0	Andaman-Sumatra	418	382	4.87	4.4	2.1218	0.0699	0.11	0.4	270	Subduction intraslab	180.0	70.0
80	z167	167	3.0	subduction intraslab	4.5	5.41	3.9355	0.335	2	1.07		49	reverse	8.0	StrasserIntraslab	zone 167	"[[ 92.4    8.52]
 [ 95.28   9.54]
 [ 99.07   3.47]
 [ 97.6    3.06]
 [ 94.29   2.13]]"	46.0	Andaman-Sumatra	674	675	5.37	5.29	3.5656	0.2561	0.09	0.3	206	Subduction intraslab	180.0	70.0
81	z169	169	4.0	subduction intraslab Himalayas	4.5	4.78	10.0	1.4454	2	0.84	only YCSH97 includes events to this depth	81	normal	8.6	StrasserIntraslab	zone 169	"[[ 71.52  37.72]
 [ 71.54  37.66]
 [ 71.97  36.11]
 [ 72.16  35.44]
 [ 69.1   34.64]
 [ 68.65  37.27]]"	-113.0	Hindu Kush	190	190	5.07	4.65	19.6248	1.0743	0.04	0.3	305	Subduction intraslab	300.0	180.0
82	z170	170	4.0	subduction intraslab Himalayas	4.5	5.96	0.7674	0.0343	2	1.35	only YCSH97 includes events to this depth	67	reverse	7.0	StrasserIntraslab	zone 170	"[[ 71.52  37.72]
 [ 71.27  38.59]
 [ 74.96  39.04]
 [ 74.99  36.87]
 [ 71.97  36.11]
 [ 71.54  37.66]]"	92.0	Pamir	198	140	6.46	6.34	2.4538	0.0828	0.1	0.3	103	Subduction intraslab	300.0	180.0
83	z172	172	4.0	subduction intraslab	4.5	3.72	0.7079	0.0977	2	0.86	only YCSH97 includes events to this depth	64	normal	8.0	StrasserIntraslab	zone 172	"[[ 94.35   1.99]
 [ 90.01  13.46]
 [ 94.12  14.72]
 [ 98.48   3.49]]"	-50.0	Andaman-Sumatra	803	408	3.76	3.25	0.7692	0.0328	0.1	0.3	99	Subduction intraslab	300.0	180.0
84	z901	901	1.0	active shallow crust strike-slip reverse	4.5	4.39	2.1878	0.2754	2	0.9		80	sinistral	7.6	WC1994	zone 901	"[[ 72.93  36.59]
 [ 75.29  36.96]
 [ 80.22  35.27]
 [ 85.57  35.29]
 [ 84.86  33.35]
 [ 78.32  34.44]]"	18.0	Chang Chenmo, Aksai Chin	399	399	4.28	3.82	1.7015	0.0735	0.11	0.4	273	Active shallow crust	25.0	0.0
85	z902	902	1.0	active shallow crust normal	4.5	4.19	2.0893	0.2884	2	0.86		48	normal	7.8	WC1994	zone 902	"[[ 74.64  34.65]
 [ 75.34  35.63]
 [ 78.32  34.44]
 [ 84.86  33.35]
 [ 87.23  32.88]
 [ 91.36  32.92]
 [ 91.38  32.92]
 [ 92.57  31.14]
 [ 89.17  30.98]
 [ 89.13  30.98]
 [ 89.12  30.98]
 [ 87.64  31.01]
 [ 87.55  31.02]
 [ 85.48  31.5 ]
 [ 80.61  32.49]
 [ 79.4   32.89]
 [ 77.54  33.52]]"	-61.0	Tibetan plateau	686	686	4.09	3.85	1.6579	0.1315	0.12	0.4	212	Active shallow crust	25.0	0.0
86	z903	903	1.0	active shallow crust normal	4.5	5.19	1.4125	0.1072	2	1.12	oceanic not continental	64	normal	7.0	WC1994	zone 903	"[[ 60.06  22.83]
 [ 66.66  25.14]
 [ 67.88  25.57]
 [ 67.88  22.49]
 [ 61.85  20.06]]"	-45.0	Murray Ridge	482	293	4.7	4.43	0.4571	0.0185	0.12	0.4	104	Active shallow crust	25.0	0.0
87	z904	904	1.0	active shallow crust strike-slip reverse	4.5	4.38	0.7586	0.0759	2	1.0		83	sinistral	7.3	WC1994	zone 904	"[[ 77.13  32.17]
 [ 77.54  33.52]
 [ 79.4   32.89]
 [ 80.61  32.49]
 [ 80.99  31.13]
 [ 80.99  31.13]
 [ 81.23  30.27]
 [ 79.13  31.19]]"	-160.0	Himalayas	160	160	4.24	4.12	0.5492	0.0419	0.09	0.2	284	Active shallow crust	25.0	0.0
88	z905	905	1.0	active shallow crust normal	4.5	5.18	2.851	0.2541	2	1.05		52	normal	7.7	WC1994	zone 905	"[[ 80.61  32.49]
 [ 85.44  31.51]
 [ 85.48  31.5 ]
 [ 87.55  31.02]
 [ 87.64  31.01]
 [ 87.32  29.26]
 [ 85.98  29.36]
 [ 85.93  28.34]
 [ 82.97  29.42]
 [ 82.95  29.43]
 [ 81.23  30.27]
 [ 80.99  31.13]]"	-114.0	Tibetan plateau	403	403	4.88	4.75	1.4271	0.0948	0.13	0.4	159	Active shallow crust	25.0	0.0
89	z906	906	1.0	active shallow crust strike-slip reverse	4.5	4.47	1.7378	0.1995	2	0.94		84	sinistral	8.5	WC1994	zone 906	"[[ 87.06  26.22]
 [ 87.06  26.23]
 [ 87.55  27.75]
 [ 89.95  27.83]
 [ 92.66  28.27]
 [ 94.06  29.02]
 [ 95.54  28.14]
 [ 93.82  26.84]
 [ 93.33  26.77]
 [ 93.33  26.77]
 [ 93.3   26.77]
 [ 92.    26.62]
 [ 89.77  26.44]]"	-18.0	Himalayas - Main Frontal Thrust	297	297	4.34	3.97	1.2782	0.0636	0.11	0.4	229	Active shallow crust	25.0	0.0
90	z907	907	1.0	active shallow crust normal	4.5	5.47	4.5186	0.3846	2	1.07		51	normal	7.7	WC1994	zone 907	"[[ 85.93  28.34]
 [ 85.98  29.36]
 [ 87.32  29.26]
 [ 87.64  31.01]
 [ 89.12  30.98]
 [ 89.13  30.98]
 [ 89.17  30.98]
 [ 92.57  31.14]
 [ 92.63  29.19]
 [ 94.06  29.02]
 [ 92.66  28.27]
 [ 89.95  27.83]
 [ 87.55  27.75]]"	-63.0	Tibetan plateau	466	466	5.11	4.94	1.9521	0.1148	0.08	0.4	20	Active shallow crust	25.0	0.0
91	z908	908	1.0	active shallow crust strike-slip reverse	4.5	4.41	1.8621	0.2239	2	0.92		58	dextral	8.8	WC1994	zone 908	"[[ 92.57  31.14]
 [ 95.36  30.52]
 [ 99.03  27.96]
 [ 98.21  26.56]
 [ 96.47  27.59]
 [ 95.84  27.96]
 [ 95.73  28.03]
 [ 95.73  28.03]
 [ 95.54  28.14]
 [ 94.06  29.02]
 [ 92.63  29.19]]"	150.0	Himalayas	309	309	4.29	3.62	1.428	0.0361	0.1	0.2	334	Active shallow crust	25.0	0.0
92	z909	909	1.0	active shallow crust normal	4.5	7.08	8.2224	0.3508	2	1.37		33	normal	7.6	WC1994	zone 909	"[[ 84.86  33.35]
 [ 85.57  35.29]
 [ 91.06  34.35]
 [ 94.76  33.13]
 [ 97.34  32.07]
 [ 99.99  29.77]
 [ 99.03  27.96]
 [ 95.36  30.52]
 [ 95.36  30.52]
 [ 92.57  31.14]
 [ 91.38  32.92]
 [ 91.36  32.92]
 [ 87.23  32.88]]"	-82.0	Tibetan plateau	806	806	6.68	6.73	3.2555	0.157	0.12	0.3	268	Active shallow crust	25.0	0.0
93	z910	910	1.0	subduction interface	4.5	4.27	2.0417	0.2692	2	0.88		10	reverse	7.8	StrasserInterface	zone 910	"[[ 93.59  20.76]
 [ 93.7   22.54]
 [ 94.41  24.73]
 [ 95.74  26.73]
 [ 96.77  27.41]
 [ 98.15  26.59]
 [ 97.53  26.01]
 [ 96.43  26.04]
 [ 95.48  24.6 ]
 [ 95.47  24.59]
 [ 95.24  23.17]
 [ 95.41  20.17]
 [ 95.7   18.44]
 [ 94.66  18.44]]"	123.0	Indo-Myanmar	320	317	4.05	3.55	1.2376	0.0509	0.1	0.4	211	Subduction interface	25.0	0.0
94	z911	911	1.0	subduction interface	4.5	3.85	0.955	0.1318	2	0.86		31	reverse	7.5	StrasserInterface	zone 911	"[[ 91.99  22.61]
 [ 92.    23.91]
 [ 92.78  25.1 ]
 [ 92.78  25.1 ]
 [ 92.79  25.11]
 [ 93.75  26.05]
 [ 94.87  27.17]
 [ 96.04  27.84]
 [ 96.77  27.41]
 [ 95.74  26.73]
 [ 94.41  24.73]
 [ 93.7   22.54]
 [ 93.59  20.76]]"	69.0	Indo-Myanmar	263	262	3.68	2.98	0.6392	0.018	0.09	0.4	318	Subduction interface	25.0	0.0
95	z911m	911m	1.0	subduction interface megathrust	7.5	3.85	0.955	0.1318	2	0.86		31	reverse	8.2	StrasserInterface	zone 911m	"[[ 91.99  22.61]
 [ 92.    23.91]
 [ 92.78  25.1 ]
 [ 92.78  25.1 ]
 [ 92.79  25.11]
 [ 93.75  26.05]
 [ 94.87  27.17]
 [ 96.04  27.84]
 [ 96.77  27.41]
 [ 95.74  26.73]
 [ 94.41  24.73]
 [ 93.7   22.54]
 [ 93.59  20.76]]"	69.0	Indo-Myanmar	263	262	3.68	2.98	0.6392	0.018	0.09	0.4	318	Subduction interface	25.0	0.0
96	z912	912	1.0	intraplate margin upper	4.5	4.84	0.631	0.0479	2	1.12		40	reverse	7.9	WC1994	zone 912	"[[ 89.71  25.08]
 [ 89.77  26.44]
 [ 92.    26.62]
 [ 92.07  26.63]
 [ 93.3   26.77]
 [ 93.33  26.77]
 [ 93.75  26.05]
 [ 92.79  25.11]
 [ 92.78  25.1 ]
 [ 91.65  25.09]
 [ 91.64  25.09]]"	90.0	Shillong plateau	138	138	4.74	3.78	0.5007	0.0042	0.13	0.3	112	Intraplate margin	25.0	0.0
97	z913	913	1.0	active shallow crust strike-slip reverse	4.5	4.35	1.4622	0.1718	2	0.93		88	sinistral	8.8	WC1994	zone 913	"[[ 90.07  23.82]
 [ 91.65  25.09]
 [ 92.78  25.1 ]
 [ 92.    23.91]
 [ 91.99  22.61]
 [ 93.59  20.76]
 [ 94.66  18.44]
 [ 93.52  18.44]
 [ 91.91  19.42]
 [ 90.67  20.69]]"	-175.0	Bangladesh	336	248	3.69	3.2	0.3164	0.0123	0.14	0.4	153	Active shallow crust	25.0	0.0
98	z914	914	1.0	active shallow crust strike-slip reverse	4.5	5.24	4.9545	0.4842	2	1.01		46	reverse	8.3	WC1994	zone 914	"[[ 94.45  13.23]
 [ 95.    14.58]
 [ 95.66  16.28]
 [ 95.7   18.44]
 [ 95.41  20.17]
 [ 95.24  23.17]
 [ 95.47  24.59]
 [ 95.47  24.59]
 [ 95.48  24.6 ]
 [ 96.43  26.04]
 [ 97.53  26.01]
 [ 97.18  25.12]
 [ 97.03  24.14]
 [ 97.03  24.14]
 [ 97.04  22.13]
 [ 97.46  19.81]
 [ 97.85  18.23]
 [ 98.16  16.41]
 [ 98.16  16.41]
 [ 98.16  16.41]
 [ 98.16  16.41]
 [ 98.16  16.41]
 [ 97.8   14.73]
 [ 97.3   13.41]]"	124.0	Indo-Myanmar	659	659	4.9	4.75	2.269	0.1565	0.09	0.4	192	Active shallow crust	25.0	0.0
99	z915	915	1.0	active shallow crust normal	4.5	5.73	0.4074	0.0178	2	1.36	oceanic not continental	52	normal	6.6	WC1994	zone 915	"[[ 91.54  15.86]
 [ 91.91  19.42]
 [ 93.52  18.44]
 [ 93.32  15.6 ]]"	-54.0	Bay of Bengal	140	11	5.37	3.24	0.1767	0.0001	0.14	0.3	234	Active shallow crust	25.0	0.0
100	z916	916	1.0	subduction interface	4.5	4.52	1.7579	0.1972	2	0.95	oceanic not continental	46	reverse	7.5	StrasserInterface	zone 916	"[[ 90.74  10.2 ]
 [ 92.33  14.17]
 [ 93.32  15.6 ]
 [ 93.52  18.44]
 [ 95.7   18.44]
 [ 95.66  16.28]
 [ 94.65  13.71]
 [ 93.08   9.99]]"	124.0	Andaman-Sumatra	496	488	4.44	4.04	1.4517	0.0654	0.09	0.3	192	Subduction interface	25.0	0.0
101	z916m	916m	1.0	subduction interface megathrust	7.5	4.52	1.7579	0.1972	2	0.95	oceanic not continental	46	reverse	8.0	StrasserInterface	zone 916m	"[[ 90.74  10.2 ]
 [ 92.33  14.17]
 [ 93.32  15.6 ]
 [ 93.52  18.44]
 [ 95.7   18.44]
 [ 95.66  16.28]
 [ 94.65  13.71]
 [ 93.08   9.99]]"	124.0	Andaman-Sumatra	496	488	4.44	4.04	1.4517	0.0654	0.09	0.3	192	Subduction interface	25.0	0.0
102	z917	917	1.0	stable shallow crust	4.5	4.17	1.7989	0.2427	2	0.87	oceanic not continental	67	dextral	7.0	WC1994	zone 917	"[[ 83.95   6.51]
 [ 84.59  11.31]
 [ 86.72  15.35]
 [ 86.69  18.68]
 [ 89.29  20.86]
 [ 89.29  20.86]
 [ 90.67  20.69]
 [ 91.91  19.42]
 [ 91.54  15.86]
 [ 93.32  15.6 ]
 [ 92.33  14.17]
 [ 90.74  10.2 ]
 [ 91.91   5.65]
 [ 91.91   5.64]
 [ 91.91   5.64]
 [ 91.91   5.64]
 [ 94.35   1.99]
 [ 92.35   2.01]
 [ 92.35   2.01]
 [ 92.35   2.01]
 [ 84.69   2.  ]]"	158.0	Bay of Bengal	2367	821	3.81	3.52	0.7814	0.0538	0.12	0.4	312	Stable continental	25.0	0.0
103	z918	918	1.0	subduction interface	4.5	3.89	1.5849	0.2399	2	0.82	oceanic not continental	25	reverse	7.5	StrasserInterface	zone 918	"[[ 90.74  10.2 ]
 [ 93.09   9.99]
 [ 94.09   5.95]
 [ 98.01   2.86]
 [ 94.35   1.99]
 [ 91.91   5.64]
 [ 91.91   5.64]
 [ 91.91   5.65]]"	108.0	Andaman-Sumatra	533	521	3.87	3.71	1.5107	0.1598	0.07	0.2	337	Subduction interface	25.0	0.0
104	z918m	918m	1.0	subduction interface megathrust	7.5	3.89	1.5849	0.2399	2	0.82	oceanic not continental	25	reverse	8.9	StrasserInterface	zone 918m	"[[ 90.74  10.2 ]
 [ 93.09   9.99]
 [ 94.09   5.95]
 [ 98.01   2.86]
 [ 94.35   1.99]
 [ 91.91   5.64]
 [ 91.91   5.64]
 [ 91.91   5.65]]"	108.0	Andaman-Sumatra	533	521	3.87	3.71	1.5107	0.1598	0.07	0.2	337	Subduction interface	25.0	0.0
105	z919	919	1.0	stable shallow crust	4.5	2.73	0.309	0.0589	2	0.72		61	reverse	7.2	WC1994	zone 919	"[[ 67.88  25.57]
 [ 68.76  28.38]
 [ 69.16  27.86]
 [ 71.81  29.99]
 [ 73.95  29.85]
 [ 75.37  31.19]
 [ 76.6   30.42]
 [ 76.96  30.23]
 [ 79.8   28.73]
 [ 82.16  27.48]
 [ 82.21  27.47]
 [ 87.06  26.22]
 [ 87.06  26.22]
 [ 89.77  26.44]
 [ 89.71  25.08]
 [ 91.64  25.09]
 [ 91.65  25.09]
 [ 90.07  23.82]
 [ 90.67  20.69]
 [ 89.13  20.88]
 [ 87.61  21.09]
 [ 86.77  21.31]
 [ 86.95  24.38]
 [ 84.59  25.12]
 [ 72.27  22.52]
 [ 71.83  22.52]
 [ 71.76  25.5 ]]"	123.0	Peninsular India	1908	1206	3.08	2.73	0.6923	0.0583	0.1	0.3	290	Stable continental	25.0	0.0
106	z921	921	1.0	stable shallow crust	4.5	2.53	0.1288	0.0224	2	0.76		26	reverse	7.0	WC1994	zone 921	"[[ 72.27  22.52]
 [ 84.59  25.12]
 [ 86.95  24.38]
 [ 86.77  21.31]
 [ 84.59  21.91]
 [ 81.99  21.43]
 [ 78.09  20.84]
 [ 76.12  20.48]
 [ 73.27  19.85]
 [ 72.35  19.77]
 [ 72.35  19.78]]"	129.0	Peninsular India	864	28	2.65	-0.34	0.1699	0.0	0.07	0.4	283	Stable continental	25.0	0.0
107	z922	922	1.0	stable shallow crust	4.5	4.48	0.3758	0.0305	2	1.09		66	dextral	7.2	WC1994	zone 922	"[[ 71.16  19.75]
 [ 72.35  19.77]
 [ 73.27  19.85]
 [ 74.16  18.41]
 [ 74.77  17.42]
 [ 75.41  16.37]
 [ 73.77  16.03]
 [ 72.86  15.84]]"	165.0	Peninsular India	199	169	4.64	4.24	0.5416	0.0174	0.12	0.3	206	Stable continental	25.0	0.0
108	z923	923	1.0	stable shallow crust	4.5	2.51	0.1679	0.0313	2	0.73		45	undefined	6.0	WC1994	zone 923	"[[ 72.86  15.84]
 [ 73.77  16.03]
 [ 75.41  16.37]
 [ 80.67  17.38]
 [ 78.64  15.58]
 [ 78.36  13.68]
 [ 78.36  13.68]
 [ 77.62  11.53]
 [ 80.45  11.06]
 [ 79.75  10.23]
 [ 78.71   8.99]
 [ 78.71   8.99]
 [ 77.25   7.26]
 [ 75.54   8.94]
 [ 74.46  12.31]]"	90.0	Peninsular India	558	102	2.12	1.26	0.0689	0.0018	0.06	0.3	0	Stable continental	25.0	0.0
109	z924	924	1.0	stable shallow crust	4.5	1.58	0.0556	0.013	2	0.63		45	undefined	6.2	WC1994	zone 924	"[[ 78.09  20.84]
 [ 81.99  21.43]
 [ 84.59  21.91]
 [ 86.77  21.31]
 [ 87.61  21.09]
 [ 89.29  20.86]
 [ 89.29  20.86]
 [ 86.69  18.68]
 [ 84.03  16.57]
 [ 82.87  16.84]
 [ 80.7   17.38]
 [ 80.67  17.38]
 [ 82.51  18.57]]"	90.0	Peninsular India	365	59	1.59	0.46	0.0565	0.001	0.1	0.3	0	Stable continental	25.0	0.0
110	z925	925	2.0	subduction interface	4.5	3.22	0.4169	0.0661	2	0.8		37	sinistral	7.6	StrasserInterface	zone 925	"[[ 77.74  33.15]
 [ 77.88  33.47]
 [ 77.92  33.45]
 [ 79.41  32.96]
 [ 79.44  32.95]
 [ 80.61  32.49]
 [ 80.92  31.36]
 [ 81.22  30.29]
 [ 81.23  30.27]
 [ 79.13  31.19]
 [ 77.25  32.08]
 [ 77.25  32.08]]"	-26.0	Himalayas	155	155	3.41	2.9	0.642	0.0317	0.12	0.4	65	Subduction interface	70.0	25.0
111	z926	926	2.0	subduction interface	4.5	5.94	1.5136	0.0794	2	1.28		46	normal	7.7	StrasserInterface	zone 926	"[[ 84.15  30.14]
 [ 80.93  31.36]
 [ 80.92  31.36]
 [ 80.61  32.49]
 [ 84.55  31.72]
 [ 87.55  31.02]
 [ 92.61  30.9 ]
 [ 93.29  29.44]
 [ 89.52  29.08]
 [ 85.7   29.61]]"	-83.0	Himalayas	499	499	5.99	6.04	1.6958	0.0993	0.11	0.2	183	Subduction interface	70.0	25.0
112	z927	927	2.0	subduction interface	4.5	5.57	1.2023	0.0724	2	1.22		37	sinistral	7.1	StrasserInterface	zone 927	"[[ 80.92  31.36]
 [ 80.93  31.36]
 [ 84.15  30.14]
 [ 85.7   29.61]
 [ 89.52  29.08]
 [ 93.29  29.44]
 [ 93.87  29.09]
 [ 92.66  28.27]
 [ 89.88  27.94]
 [ 87.3   27.83]
 [ 86.06  28.23]
 [ 83.    29.5 ]
 [ 82.21  29.85]
 [ 81.23  30.27]
 [ 81.22  30.29]]"	-26.0	Himalayas	366	366	5.56	5.44	1.185	0.0535	0.11	0.3	65	Subduction interface	70.0	25.0
113	z928	928	2.0	subduction interface	4.5	4.76	2.7542	0.302	2	0.96		89	normal	7.5	StrasserInterface	zone 928	"[[ 86.06  28.23]
 [ 87.3   27.83]
 [ 89.88  27.94]
 [ 92.66  28.27]
 [ 93.87  29.09]
 [ 95.48  28.1 ]
 [ 94.37  27.49]
 [ 93.47  26.91]
 [ 92.68  26.83]
 [ 91.82  26.74]
 [ 91.78  26.74]
 [ 89.72  26.53]
 [ 87.09  26.48]
 [ 87.08  26.48]
 [ 87.05  26.22]
 [ 87.05  26.19]
 [ 83.25  27.18]
 [ 83.88  29.14]]"	-141.0	Himalayas	454	454	4.76	4.49	2.7283	0.1622	0.09	0.2	301	Subduction interface	70.0	25.0
114	z928m	928m	2.0	subduction interface megathrust	7.5	4.76	2.7542	0.302	2	0.96		89	normal	8.3	StrasserInterface	zone 928m	"[[ 86.06  28.23]
 [ 87.3   27.83]
 [ 89.88  27.94]
 [ 92.66  28.27]
 [ 93.87  29.09]
 [ 95.48  28.1 ]
 [ 94.37  27.49]
 [ 93.47  26.91]
 [ 92.68  26.83]
 [ 91.82  26.74]
 [ 91.78  26.74]
 [ 89.72  26.53]
 [ 87.09  26.48]
 [ 87.08  26.48]
 [ 87.05  26.22]
 [ 87.05  26.19]
 [ 83.25  27.18]
 [ 83.88  29.14]]"	-141.0	Himalayas	454	454	4.76	4.49	2.7283	0.1622	0.09	0.2	301	Subduction interface	70.0	25.0
115	z929	929	2.0	subduction interface	4.5	4.61	1.9498	0.2138	2	0.96		81	sinistral	7.9	StrasserInterface	zone 929	"[[ 92.22  21.92]
 [ 92.23  23.98]
 [ 93.18  25.12]
 [ 94.07  26.1 ]
 [ 94.85  26.92]
 [ 96.07  27.75]
 [ 96.52  27.47]
 [ 95.2   26.4 ]
 [ 94.69  25.57]
 [ 93.75  24.04]
 [ 93.41  23.13]
 [ 93.52  20.76]]"	11.0	Indo-Myanmar	182	182	4.66	4.27	2.1753	0.0977	0.09	0.4	220	Subduction interface	70.0	25.0
116	z930	930	2.0	subduction interface	4.5	5.2	1.3032	0.0966	2	1.13		68	sinistral	7.2	StrasserInterface	zone 930	"[[ 94.91  25.91]
 [ 95.2   26.4 ]
 [ 96.52  27.47]
 [ 97.2   27.06]
 [ 96.44  26.26]
 [ 96.09  25.57]
 [ 95.35  23.55]
 [ 93.75  24.04]
 [ 94.9   25.92]
 [ 94.91  25.91]]"	25.0	Indo-Myanmar	128	128	5.36	4.97	1.8937	0.0575	0.11	0.4	264	Subduction interface	70.0	25.0
117	z931	931	2.0	subduction interface	4.5	5.3	2.0184	0.1567	2	1.11		90	sinistral	7.5	StrasserInterface	zone 931	"[[ 95.21  21.16]
 [ 95.35  23.55]
 [ 95.81  24.81]
 [ 96.09  25.57]
 [ 96.44  26.26]
 [ 97.2   27.06]
 [ 98.43  26.31]
 [ 97.57  24.41]
 [ 97.28  22.97]
 [ 97.39  21.53]
 [ 97.81  18.72]
 [ 97.52  15.92]
 [ 95.42  15.88]
 [ 95.71  18.33]]"	-3.0	Indo-Myanmar	554	554	5.38	5.17	2.4244	0.1155	0.12	0.3	282	Subduction interface	70.0	25.0
118	z931m	931m	2.0	subduction interface megathrust	7.5	5.3	2.0184	0.1567	2	1.11		90	sinistral	8.3	StrasserInterface	zone 931m	"[[ 95.21  21.16]
 [ 95.35  23.55]
 [ 95.81  24.81]
 [ 96.09  25.57]
 [ 96.44  26.26]
 [ 97.2   27.06]
 [ 98.43  26.31]
 [ 97.57  24.41]
 [ 97.28  22.97]
 [ 97.39  21.53]
 [ 97.81  18.72]
 [ 97.52  15.92]
 [ 95.42  15.88]
 [ 95.71  18.33]]"	-3.0	Indo-Myanmar	554	554	5.38	5.17	2.4244	0.1155	0.12	0.3	282	Subduction interface	70.0	25.0
119	z932	932	2.0	stable shallow crust	4.5	4.15	0.9226	0.1084	2	0.93	what to do here?	67	sinistral	6.5	WC1994	zone 932	"[[ 68.84  25.4 ]
 [ 69.34  27.63]
 [ 71.78  30.03]
 [ 71.79  30.02]
 [ 74.08  28.4 ]
 [ 76.    31.  ]
 [ 76.6   30.66]
 [ 83.29  27.16]
 [ 87.05  26.19]
 [ 87.05  26.22]
 [ 87.08  26.48]
 [ 87.09  26.48]
 [ 89.72  26.53]
 [ 89.72  25.13]
 [ 89.72  25.13]
 [ 91.68  25.12]
 [ 90.07  23.82]
 [ 90.65  20.8 ]
 [ 87.53  20.81]
 [ 87.53  20.81]
 [ 86.74  20.8 ]
 [ 86.74  20.83]
 [ 86.94  24.38]
 [ 86.96  24.63]
 [ 86.96  24.64]
 [ 77.94  24.7 ]
 [ 72.25  22.72]
 [ 69.7   21.83]
 [ 68.09  22.65]]"	8.0		2170	1464	4.23	4.14	1.1	0.1066	0.1	0.3	239	Stable continental	70.0	25.0
120	z933	933	2.0	stable shallow crust	4.5	3.71	0.507	0.0653	2	0.89	unsure of correct scaling relation	26	reverse	6.8	WC1994	zone 933	"[[ 71.18  17.99]
 [ 71.17  18.02]
 [ 69.7   21.83]
 [ 72.25  22.72]
 [ 77.94  24.7 ]
 [ 86.96  24.64]
 [ 86.96  24.63]
 [ 86.94  24.38]
 [ 86.74  20.83]
 [ 86.74  20.8 ]
 [ 87.53  20.81]
 [ 88.23  18.72]
 [ 86.76  15.62]
 [ 86.75  15.6 ]
 [ 86.32  14.68]
 [ 84.99  12.07]
 [ 84.94  11.97]
 [ 83.62   6.68]
 [ 84.47   2.04]
 [ 77.15   1.99]]"	129.0		2659	1068	3.87	3.6	0.7338	0.0502	0.13	0.3	283	Stable continental	70.0	25.0
121	z935	935	3.0	subduction intraslab Himalayas	4.5	4.77	0.9016	0.0767	2	1.07		57	reverse	7.2	StrasserIntraslab	zone 935	"[[ 71.47  33.03]
 [ 70.16  34.16]
 [ 72.88  36.96]
 [ 73.81  37.72]
 [ 76.76  37.77]
 [ 76.77  37.76]
 [ 78.53  37.29]
 [ 81.78  35.81]
 [ 79.78  32.46]
 [ 76.38  35.19]
 [ 72.67  31.99]]"	111.0	Himalayas	871	755	5.22	5.08	2.5183	0.1562	0.09	0.3	317	Subduction intraslab	180.0	70.0
122	z936	936	3.0	subduction intraslab Himalayas	4.5	5.25	0.4677	0.0269	2	1.24		47	sinistral	6.7	StrasserIntraslab	zone 936	"[[ 79.78  32.46]
 [ 83.93  29.84]
 [ 90.64  29.36]
 [ 97.35  30.55]
 [ 98.43  28.07]
 [ 96.54  27.54]
 [ 96.16  27.43]
 [ 91.33  26.05]
 [ 89.22  26.19]
 [ 82.81  26.63]
 [ 72.67  31.99]
 [ 76.38  35.19]]"	-164.0	Himalayas	1704	653	5.46	5.35	0.7545	0.0338	0.11	0.2	140	Subduction intraslab	180.0	70.0
123	z9031	9031	2.0	subduction interface	4.5	0.0	1.0	1.0	2	0.0	no seismicity	45	undefined	0.0	StrasserInterface	zone 9031	"[[ 66.31  24.82]
 [ 68.09  22.65]
 [ 61.55  20.35]
 [ 60.14  23.5 ]]"	90.0	Murray Ridge	455	415	-0.38	-1.36	0.4213	0.044	0.0	0.0	0	Subduction interface	70.0	25.0
124	z9081	9081	2.0	subduction interface	4.5	0.0	1.0	1.0	2	0.0	no seismicity	45	undefined	0.0	StrasserInterface	zone 9081	"[[ 92.03  32.12]
 [ 98.67  28.35]
 [ 98.41  26.32]
 [ 96.93  27.22]
 [ 96.33  27.59]
 [ 95.97  27.81]
 [ 95.8   27.91]
 [ 95.48  28.1 ]
 [ 93.87  29.09]
 [ 93.29  29.44]
 [ 92.61  30.9 ]
 [ 92.5   31.15]]"	90.0	Himalayas	311	311	0.25	-1.26	1.784	0.0548	0.0	0.0	0	Subduction interface	70.0	25.0
125	z9131	9131	2.0	subduction interface	4.5	0.0	1.0	1.0	2	0.0	no seismicity	45	undefined	0.0	StrasserInterface	zone 9131	"[[ 93.76  18.44]
 [ 90.65  20.8 ]
 [ 90.07  23.82]
 [ 91.68  25.12]
 [ 93.18  25.12]
 [ 92.23  23.98]
 [ 92.22  21.92]
 [ 93.52  20.76]]"	90.0		304	290	0.0	-1.21	1.0103	0.0616	0.0	0.0	0	Subduction interface	70.0	25.0
126	z9151	9151	2.0	subduction interface	4.5	0.0	1.0	1.0	2	0.0	no seismicity	45	undefined	0.0	StrasserInterface	zone 9151	"[[ 92.45  13.67]
 [ 90.72  14.32]
 [ 91.75  16.48]
 [ 92.11  19.69]
 [ 93.76  18.44]
 [ 93.39  15.65]]"	90.0		229	186	-0.71	-1.68	0.1956	0.0209	0.0	0.0	0	Subduction interface	70.0	25.0
127	z9171	9171	2.0	stable shallow crust	4.5	0.0	1.0	1.0	2	0.0	oceanic not continental, but no seismicity	45	undefined	0.0	WC1994	zone 9171	"[[ 90.65  20.8 ]
 [ 92.11  19.69]
 [ 91.75  16.48]
 [ 90.73  14.32]
 [ 92.45  13.67]
 [ 91.29  10.08]
 [ 91.85   7.06]
 [ 94.92   2.2 ]
 [ 92.48   2.01]
 [ 84.47   2.04]
 [ 83.62   6.68]
 [ 84.94  11.97]
 [ 84.99  12.07]
 [ 86.32  14.68]
 [ 86.75  15.6 ]
 [ 86.76  15.62]
 [ 88.23  18.72]
 [ 87.53  20.81]]"	90.0	Bay of Bengal	2170	1533	-0.02	-0.97	0.9572	0.1074	0.0	0.0	0	Stable continental	70.0	25.0
